{"cameraMode":{"drawMode":0,"name":"Shaded","section":"Shading Mode"},"sceneLighting":false,"audioPlay":false,"sceneViewState":{"showFog":true,"showMaterialUpdate":false,"showSkybox":false,"showFlares":true,"showImageEffects":true,"showParticleSystems":true},"in2DMode":false,"pivot":{"x":-0.12357532978057862,"y":1.3179970979690552,"z":-0.6515429615974426},"rotation":{"x":-0.0010440273908898235,"y":-0.9993327260017395,"z":0.03337585926055908,"w":0.03500024229288101},"size":1.336535930633545,"orthographic":false}