{"cameraMode":{"drawMode":0,"name":"Shaded","section":"Shading Mode"},"sceneLighting":false,"audioPlay":false,"sceneViewState":{"showFog":false,"showMaterialUpdate":false,"showSkybox":false,"showFlares":false,"showImageEffects":false,"showParticleSystems":false},"in2DMode":false,"pivot":{"x":-17.006057739257814,"y":27.74791717529297,"z":22.520536422729493},"rotation":{"x":-0.3125198185443878,"y":-0.17834272980690003,"z":-0.06010857969522476,"w":0.9316950440406799},"size":21.563941955566408,"orthographic":false}