{"cameraMode":{"drawMode":0,"name":"Shaded","section":"Shading Mode"},"sceneLighting":false,"audioPlay":false,"sceneViewState":{"showFog":false,"showMaterialUpdate":false,"showSkybox":false,"showFlares":false,"showImageEffects":false,"showParticleSystems":false},"in2DMode":false,"pivot":{"x":0.07008033245801926,"y":1.9204188585281373,"z":14.358102798461914},"rotation":{"x":0.04678024351596832,"y":0.03123052790760994,"z":-0.001993415178731084,"w":0.9989771842956543},"size":14.447210311889649,"orthographic":false}