{"cameraMode":{"drawMode":0,"name":"Shaded","section":"Shading Mode"},"sceneLighting":false,"audioPlay":false,"sceneViewState":{"showFog":false,"showMaterialUpdate":false,"showSkybox":false,"showFlares":false,"showImageEffects":false,"showParticleSystems":false},"in2DMode":false,"pivot":{"x":0.9259181022644043,"y":1.2818878889083863,"z":-3.0004143714904787},"rotation":{"x":0.013754117302596569,"y":-0.13785451650619508,"z":0.001414703787304461,"w":0.9909166693687439},"size":3.9650282859802248,"orthographic":false}