{"cameraMode":{"drawMode":0,"name":"Shaded","section":"Shading Mode"},"sceneLighting":false,"audioPlay":false,"sceneViewState":{"showFog":false,"showMaterialUpdate":false,"showSkybox":false,"showFlares":false,"showImageEffects":false,"showParticleSystems":false},"in2DMode":false,"pivot":{"x":-2.8280227184295656,"y":-0.9365836381912231,"z":21.125877380371095},"rotation":{"x":0.05127792805433273,"y":0.02972099371254444,"z":-0.002092542825266719,"w":0.9988106489181519},"size":20.003162384033204,"orthographic":false}