{"cameraMode":{"drawMode":0,"name":"Shaded","section":"Shading Mode"},"sceneLighting":false,"audioPlay":false,"sceneViewState":{"showFog":false,"showMaterialUpdate":false,"showSkybox":false,"showFlares":false,"showImageEffects":false,"showParticleSystems":false},"in2DMode":false,"pivot":{"x":0.10278162360191345,"y":-0.40318763256073,"z":1.3319265842437745},"rotation":{"x":-0.05335043743252754,"y":0.02406814880669117,"z":-0.0033373741898685695,"w":-0.9989598393440247},"size":1.1107866764068604,"orthographic":false}