{"cameraMode":{"drawMode":0,"name":"Shaded","section":"Shading Mode"},"sceneLighting":false,"audioPlay":false,"sceneViewState":{"showFog":false,"showMaterialUpdate":false,"showSkybox":false,"showFlares":false,"showImageEffects":false,"showParticleSystems":false},"in2DMode":false,"pivot":{"x":-0.8500000238418579,"y":-1.7791842222213746,"z":7.511608123779297},"rotation":{"x":-0.03842459246516228,"y":-0.04938136413693428,"z":0.0008243225747719407,"w":-0.9986668825149536},"size":0.4529901146888733,"orthographic":false}