{"cameraMode":{"drawMode":0,"name":"Shaded","section":"Shading Mode"},"sceneLighting":false,"audioPlay":false,"sceneViewState":{"showFog":false,"showMaterialUpdate":false,"showSkybox":false,"showFlares":false,"showImageEffects":false,"showParticleSystems":false},"in2DMode":false,"pivot":{"x":-0.3861890733242035,"y":-0.34838345646858218,"z":0.8595154881477356},"rotation":{"x":-0.029437163844704629,"y":-0.00886341743171215,"z":-0.0017667664214968682,"w":-1.0002044439315797},"size":1.1107866764068604,"orthographic":false}