{"cameraMode":{"drawMode":0,"name":"Shaded","section":"Shading Mode"},"sceneLighting":true,"audioPlay":false,"sceneViewState":{"showFog":false,"showMaterialUpdate":false,"showSkybox":false,"showFlares":false,"showImageEffects":false,"showParticleSystems":false},"in2DMode":false,"pivot":{"x":-1.1095212697982789,"y":2.3877010345458986,"z":-6.318697929382324},"rotation":{"x":-0.11919582635164261,"y":-0.04637053981423378,"z":0.002991173882037401,"w":-0.9925103783607483},"size":4.061944007873535,"orthographic":false}