{"cameraMode":{"drawMode":0,"name":"Shaded","section":"Shading Mode"},"sceneLighting":false,"audioPlay":false,"sceneViewState":{"showFog":false,"showMaterialUpdate":false,"showSkybox":false,"showFlares":false,"showImageEffects":false,"showParticleSystems":false},"in2DMode":false,"pivot":{"x":-0.11414077877998352,"y":-0.29605743288993838,"z":-0.11999686807394028},"rotation":{"x":-0.13698524236679078,"y":0.022224323824048044,"z":-0.005081568844616413,"w":-0.9909944534301758},"size":0.5107866525650024,"orthographic":false}