{"cameraMode":{"drawMode":0,"name":"Shaded","section":"Shading Mode"},"sceneLighting":false,"audioPlay":false,"sceneViewState":{"showFog":false,"showMaterialUpdate":false,"showSkybox":false,"showFlares":false,"showImageEffects":false,"showParticleSystems":false},"in2DMode":false,"pivot":{"x":-0.0989701971411705,"y":-0.6027929186820984,"z":1.1143282651901246},"rotation":{"x":-0.06356064230203629,"y":0.07638804614543915,"z":-0.006928100250661373,"w":-0.9957082271575928},"size":1.1107866764068604,"orthographic":false}