{"cameraMode":{"drawMode":0,"name":"Shaded","section":"Shading Mode"},"sceneLighting":false,"audioPlay":false,"sceneViewState":{"showFog":false,"showMaterialUpdate":false,"showSkybox":false,"showFlares":false,"showImageEffects":false,"showParticleSystems":false},"in2DMode":false,"pivot":{"x":-0.08458146452903748,"y":-0.5099893808364868,"z":0.9041083455085754},"rotation":{"x":-0.14746473729610444,"y":-0.026813708245754243,"z":0.0020123047288507225,"w":-0.9893873929977417},"size":1.1107866764068604,"orthographic":false}