{"cameraMode":{"drawMode":0,"name":"Shaded","section":"Shading Mode"},"sceneLighting":false,"audioPlay":false,"sceneViewState":{"showFog":false,"showMaterialUpdate":false,"showSkybox":false,"showFlares":false,"showImageEffects":false,"showParticleSystems":false},"in2DMode":false,"pivot":{"x":3.571723461151123,"y":-2.4920191764831545,"z":18.570255279541017},"rotation":{"x":0.0722857341170311,"y":-0.016724111512303354,"z":0.0007266279426403344,"w":0.9978004097938538},"size":12.517828941345215,"orthographic":false}