{"cameraMode":{"drawMode":0,"name":"Shaded","section":"Shading Mode"},"sceneLighting":false,"audioPlay":false,"sceneViewState":{"showFog":false,"showMaterialUpdate":false,"showSkybox":false,"showFlares":false,"showImageEffects":false,"showParticleSystems":false},"in2DMode":false,"pivot":{"x":-10.124786376953125,"y":-3.5069150924682619,"z":9.037810325622559},"rotation":{"x":0.14628295600414277,"y":0.08422143757343292,"z":-0.013020206242799759,"w":0.9861335158348084},"size":7.264380931854248,"orthographic":false}