{"cameraMode":{"drawMode":0,"name":"Shaded","section":"Shading Mode"},"sceneLighting":false,"audioPlay":false,"sceneViewState":{"showFog":true,"showMaterialUpdate":false,"showSkybox":false,"showFlares":true,"showImageEffects":true,"showParticleSystems":true},"in2DMode":false,"pivot":{"x":0.015000015497207642,"y":-0.20000001788139344,"z":0.0},"rotation":{"x":-0.03904811292886734,"y":0.11276967823505402,"z":-0.004434697329998016,"w":-0.9928462505340576},"size":1.1107866764068604,"orthographic":false}