{"cameraMode":{"drawMode":0,"name":"Shaded","section":"Shading Mode"},"sceneLighting":false,"audioPlay":false,"sceneViewState":{"showFog":false,"showMaterialUpdate":false,"showSkybox":false,"showFlares":false,"showImageEffects":false,"showParticleSystems":false},"in2DMode":false,"pivot":{"x":0.0002817511558532715,"y":0.577299177646637,"z":2.384185791015625e-7},"rotation":{"x":-0.16330499947071076,"y":0.12160351127386093,"z":-0.020306898280978204,"w":-0.9788743257522583},"size":2.1648027896881105,"orthographic":false}