{"cameraMode":{"drawMode":0,"name":"Shaded","section":"Shading Mode"},"sceneLighting":false,"audioPlay":false,"sceneViewState":{"showFog":false,"showMaterialUpdate":false,"showSkybox":false,"showFlares":false,"showImageEffects":false,"showParticleSystems":false},"in2DMode":false,"pivot":{"x":4.20792818069458,"y":0.09630155563354492,"z":15.471012115478516},"rotation":{"x":0.08685939759016037,"y":0.08932802826166153,"z":-0.008258617483079434,"w":0.9927499294281006},"size":14.531990051269532,"orthographic":false}