{"cameraMode":{"drawMode":0,"name":"Shaded","section":"Shading Mode"},"sceneLighting":false,"audioPlay":false,"sceneViewState":{"showFog":false,"showMaterialUpdate":false,"showSkybox":false,"showFlares":false,"showImageEffects":false,"showParticleSystems":false},"in2DMode":false,"pivot":{"x":2.6794097423553469,"y":1.6667782068252564,"z":6.429671764373779},"rotation":{"x":0.00931848119944334,"y":-0.0062319557182490829,"z":-0.00046887542703188956,"w":1.0004991292953492},"size":6.951231479644775,"orthographic":false}