{"cameraMode":{"drawMode":0,"name":"Shaded","section":"Shading Mode"},"sceneLighting":false,"audioPlay":false,"sceneViewState":{"showFog":false,"showMaterialUpdate":false,"showSkybox":false,"showFlares":false,"showImageEffects":false,"showParticleSystems":false},"in2DMode":false,"pivot":{"x":-0.2105979323387146,"y":-0.6994867324829102,"z":-1.0762312412261963},"rotation":{"x":-0.01092773862183094,"y":0.9886299967765808,"z":-0.09255747497081757,"w":-0.12020576000213623},"size":1.2116281986236573,"orthographic":false}