{"cameraMode":{"drawMode":0,"name":"Shaded","section":"Shading Mode"},"sceneLighting":false,"audioPlay":false,"sceneViewState":{"showFog":false,"showMaterialUpdate":false,"showSkybox":false,"showFlares":false,"showImageEffects":false,"showParticleSystems":false},"in2DMode":false,"pivot":{"x":0.3990504741668701,"y":-0.01151437871158123,"z":5.462377548217773},"rotation":{"x":0.13186560571193696,"y":0.03984697535634041,"z":-0.00600013043731451,"w":0.9910265803337097},"size":14.914880752563477,"orthographic":false}