{"cameraMode":{"drawMode":0,"name":"Shaded","section":"Shading Mode"},"sceneLighting":false,"audioPlay":false,"sceneViewState":{"showFog":false,"showMaterialUpdate":false,"showSkybox":false,"showFlares":false,"showImageEffects":false,"showParticleSystems":false},"in2DMode":false,"pivot":{"x":0.0002817511558532715,"y":0.5772992372512817,"z":2.384185791015625e-7},"rotation":{"x":-0.15962649881839753,"y":0.07750342041254044,"z":-0.01259129773825407,"w":-0.9840822219848633},"size":2.1648027896881105,"orthographic":false}