{"cameraMode":{"drawMode":0,"name":"Shaded","section":"Shading Mode"},"sceneLighting":false,"audioPlay":false,"sceneViewState":{"showFog":false,"showMaterialUpdate":false,"showSkybox":false,"showFlares":false,"showImageEffects":false,"showParticleSystems":false},"in2DMode":false,"pivot":{"x":2.9802322387695315e-8,"y":0.1791480928659439,"z":-1.7881393432617188e-7},"rotation":{"x":-0.07583785057067871,"y":0.6119441986083984,"z":-0.05912807583808899,"w":-0.7850774526596069},"size":0.6614446043968201,"orthographic":false}