{"cameraMode":{"drawMode":0,"name":"Shaded","section":"Shading Mode"},"sceneLighting":false,"audioPlay":false,"sceneViewState":{"showFog":false,"showMaterialUpdate":false,"showSkybox":false,"showFlares":false,"showImageEffects":false,"showParticleSystems":false},"in2DMode":false,"pivot":{"x":0.36440885066986086,"y":-0.32216984033584597,"z":0.785311222076416},"rotation":{"x":-0.014401485212147236,"y":0.00617333734408021,"z":-0.0020567316096276047,"w":-1.000553846359253},"size":1.1107866764068604,"orthographic":false}