{"cameraMode":{"drawMode":0,"name":"Shaded","section":"Shading Mode"},"sceneLighting":false,"audioPlay":false,"sceneViewState":{"showFog":false,"showMaterialUpdate":false,"showSkybox":false,"showFlares":false,"showImageEffects":false,"showParticleSystems":false},"in2DMode":false,"pivot":{"x":5.2360429763793949,"y":1.5246963500976563,"z":6.105382919311523},"rotation":{"x":0.05459117144346237,"y":0.3093061149120331,"z":-0.017452139407396318,"w":0.9498418569564819},"size":12.046499252319336,"orthographic":false}