{"cameraMode":{"drawMode":0,"name":"Shaded","section":"Shading Mode"},"sceneLighting":false,"audioPlay":false,"sceneViewState":{"showFog":false,"showMaterialUpdate":false,"showSkybox":false,"showFlares":false,"showImageEffects":false,"showParticleSystems":false},"in2DMode":false,"pivot":{"x":-0.04367075860500336,"y":-0.4697358012199402,"z":1.0028016567230225},"rotation":{"x":-0.07140690833330155,"y":-0.008926104754209519,"z":-0.0013371675740927458,"w":-0.998085618019104},"size":1.1107866764068604,"orthographic":false}