{"cameraMode":{"drawMode":0,"name":"Shaded","section":"Shading Mode"},"sceneLighting":false,"audioPlay":false,"sceneViewState":{"showFog":false,"showMaterialUpdate":false,"showSkybox":false,"showFlares":false,"showImageEffects":false,"showParticleSystems":false},"in2DMode":false,"pivot":{"x":0.7537336349487305,"y":1.094031810760498,"z":0.23060226440429688},"rotation":{"x":0.17600107192993165,"y":0.18898002803325654,"z":-0.034940559417009357,"w":0.9660252332687378},"size":7.121318817138672,"orthographic":false}