{"cameraMode":{"drawMode":0,"name":"Shaded","section":"Shading Mode"},"sceneLighting":false,"audioPlay":false,"sceneViewState":{"showFog":false,"showMaterialUpdate":false,"showSkybox":false,"showFlares":false,"showImageEffects":false,"showParticleSystems":false},"in2DMode":false,"pivot":{"x":0.6332288384437561,"y":5.11842679977417,"z":15.748784065246582},"rotation":{"x":-0.013169551268219948,"y":-0.037721186876297,"z":-0.0009565306245349348,"w":0.9997727274894714},"size":22.767581939697267,"orthographic":false}