{"cameraMode":{"drawMode":0,"name":"Shaded","section":"Shading Mode"},"sceneLighting":true,"audioPlay":false,"sceneViewState":{"showFog":false,"showMaterialUpdate":false,"showSkybox":false,"showFlares":false,"showImageEffects":false,"showParticleSystems":false},"in2DMode":false,"pivot":{"x":-146.4209442138672,"y":-10.897513389587403,"z":442.6590576171875},"rotation":{"x":-0.02288372442126274,"y":0.1290871798992157,"z":-0.0009969690581783653,"w":-0.9920470714569092},"size":226.917236328125,"orthographic":false}